Order_ID,Customer_ID,Order_Date,Product_ID,Quantity,Discount_Pct,Payment_Method,Order_Status
O0001,C060,2026-04-27,P001,4,0.05,CliQ,Delivered
O0002,C043,2026-05-05,P006,4,0.15,Card,Returned
O0003,C004,2026-03-22,P003,1,0.15,Cash on Delivery,Delivered
O0004,C011,2026-01-15,P001,3,0.15,Cash on Delivery,Delivered
O0005,C026,2026-01-31,P011,1,0,Card,Delivered
O0006,C037,2026-05-14,P007,1,0.15,CliQ,Delivered
O0007,C017,2026-04-12,P012,2,0,Card,Delivered
O0008,C001,2026-04-28,P008,1,0,Cash on Delivery,Delivered
O0009,C057,2026-01-18,P002,1,0.05,Card,Delivered
O0010,C040,2026-06-17,P005,2,0.05,Cash on Delivery,Delivered
O0011,C057,2026-02-04,P008,3,0,CliQ,Delivered
O0012,C019,2026-06-04,P002,1,0.05,Card,Delivered
O0013,C033,2026-05-06,P009,2,0.05,CliQ,Delivered
O0014,C054,2026-03-12,P012,1,0.1,Cash on Delivery,Pending
O0015,C011,2026-04-24,P001,2,0.05,Wallet,Delivered
O0016,C035,2026-01-10,P007,3,0,CliQ,Delivered
O0017,C024,2026-01-11,P007,1,0.05,CliQ,Delivered
O0018,C057,2026-04-15,P003,1,,Card,Delivered
O0019,C057,2026-04-16,P012,1,0,Cash on Delivery,Delivered
O0020,C052,2026-06-21,P003,2,0.1,Card,Cancelled
O0021,C055,2026-05-01,P004,1,0,Card,Pending
O0022,C015,2026-01-07,P003,1,0,Card,Cancelled
O0023,C023,2026-06-14,P005,1,0.05,Wallet,Delivered
O0024,C008,2026-03-08,P008,1,0,Card,Pending
O0025,C028,2026-03-30,P007,1,0.15,CliQ,Returned
O0026,C013,2026-03-07,P006,1,0.15,Cash on Delivery,Returned
O0027,C044,2026-06-21,P009,3,0.15,Card,Delivered
O0028,C040,2026-03-22,P005,2,0.05,Cash on Delivery,Delivered
O0029,C021,2026-04-14,P009,1,0.1,CliQ,Delivered
O0030,C044,2026-02-14,P007,2,0.1,CliQ,Delivered
O0031,C028,2026-05-29,P005,1,0,CliQ,Pending
O0032,C051,2026-02-13,P006,1,0.1,Cash on Delivery,Delivered
O0033,C053,2026-03-02,P004,1,0,CliQ,Delivered
O0034,C031,2026-06-06,P003,1,0,Cash on Delivery,Delivered
O0035,C032,2026-04-13,P006,1,0.1,Card,Cancelled
O0036,C050,2026-04-19,P002,3,0,Card,Delivered
O0037,C036,2026-03-05,P002,1,0,Cash on Delivery,Returned
O0038,C039,2026-03-23,P006,2,0.15,Wallet,Pending
O0039,C029,2026-02-10,P008,1,0.15,Wallet,Delivered
O0040,C050,2026-05-14,P006,2,0.05,Wallet,Delivered
O0041,C016,2026-03-11,P008,1,0.05,CliQ,Delivered
O0042,C025,2026-06-27,P004,1,0,Card,Delivered
O0043,C030,2026-04-17,P009,1,0.15,Cash on Delivery,Delivered
O0044,C045,2026-01-06,P003,3,0.15,Wallet,Delivered
O0045,C055,2026-04-18,P006,1,0.1,Card,Cancelled
O0046,C022,2026-06-21,P006,1,0.1,Wallet,Delivered
O0047,C035,2026-01-07,P009,3,0.15,Wallet,Pending
O0048,C009,2026-04-29,P007,1,0.1,Card,Delivered
O0049,C022,2026-04-08,P001,1,0.05,CliQ,Delivered
O0050,C031,2026-01-05,P009,1,0,Cash on Delivery,Pending
O0051,C049,2026-01-08,P012,2,0,Card,Delivered
O0052,C031,2026-06-21,P003,1,0,Cash on Delivery,Delivered
O0053,C011,2026-06-05,P007,2,0.05,Cash on Delivery,Delivered
O0054,C002,2026-03-21,P009,1,0.15,Wallet,Delivered
O0055,C007,2026-06-28,P005,1,0,CliQ,Delivered
O0056,C051,2026-01-11,P011,1,0.15,CliQ,Delivered
O0057,C001,2026-04-18,P006,1,0.05,Wallet,Delivered
O0058,C046,2026-02-09,P002,2,0.1,Wallet,Returned
O0059,C052,2026-05-18,P002,2,0.15,Wallet,Delivered
O0060,C055,2026-03-04,P006,1,0.05,Cash on Delivery,Pending
O0061,C040,2026-06-21,P004,2,0.15,Wallet,Delivered
O0062,C014,2026-04-01,P005,1,0.1,CliQ,Delivered
O0063,C036,2026-01-03,P005,2,0.05,Card,Cancelled
O0064,C045,2026-05-02,P002,1,0,Wallet,Delivered
O0065,C045,2026-03-04,P006,1,0.1,CliQ,Delivered
O0066,C028,2026-05-21,P008,1,0.05,CliQ,Delivered
O0067,C008,2026-02-19,P005,1,0,CliQ,Delivered
O0068,C013,2026-02-25,P002,2,0,Wallet,Delivered
O0069,C019,2026-01-26,P004,2,0.15,Card,Delivered
O0070,C009,2026-03-12,P004,1,0.15,Cash on Delivery,Delivered
O0071,C041,2026-05-06,P012,2,0,Cash on Delivery,Delivered
O0072,C022,2026-02-17,P012,1,0.1,Cash on Delivery,Delivered
O0073,C026,2026-05-06,P003,1,0,Cash on Delivery,Cancelled
O0074,C020,2026-01-22,P007,1,0.15,Card,Delivered
O0075,C015,2026-05-14,P002,1,0.15,Wallet,Delivered
O0076,C020,2026-05-26,P006,2,0.1,Cash on Delivery,Delivered
O0077,C041,2026-02-24,P008,3,0,CliQ,Delivered
O0078,C011,2026-01-01,P008,1,0,Wallet,Delivered
O0079,C019,2026-06-30,P006,1,0,CliQ,Delivered
O0080,C051,2026-06-10,P009,2,0.05,Card,Delivered
O0081,C053,2026-02-06,P006,2,0.05,Cash on Delivery,Delivered
O0082,C059,2026-03-15,P001,1,0.15,Wallet,Pending
O0083,C033,2026-05-19,P002,2,0.05,Wallet,Delivered
O0084,C039,2026-03-06,P006,3,0.05,Cash on Delivery,Delivered
O0085,C038,2026-01-06,P002,2,0.15,CliQ,Returned
O0086,C042,2026-04-24,P007,1,0.15,CliQ,Delivered
O0087,C006,2026-05-01,P003,2,0.1,CliQ,Delivered
O0088,C022,2026-04-16,P005,1,0,Wallet,Delivered
O0089,C003,2026-04-27,P004,,0.15,Cash on Delivery,Cancelled
O0090,C056,2026-05-12,P004,4,0.1,Cash on Delivery,Delivered
O0091,C034,2026-04-03,P008,1,0,Wallet,Delivered
O0092,C009,2026-03-15,P008,1,0.15,Wallet,Delivered
O0093,C052,2026-03-03,P012,1,0.15,Card,Delivered
O0094,C054,2026-01-30,P004,1,0,Wallet,Delivered
O0095,C033,2026-06-30,P012,1,0.05,CliQ,Delivered
O0096,C036,2026-02-07,P006,1,0.1,Wallet,Delivered
O0097,C056,2026-01-18,P003,2,0,CliQ,Delivered
O0098,C018,2026-01-01,P009,1,0.15,CliQ,Pending
O0099,C056,2026-02-08,P009,1,0.1,Wallet,Pending
O0100,C025,2026-04-27,P006,1,0.15,CliQ,Delivered
O0101,C015,2026-04-16,P012,1,0.1,Cash on Delivery,Returned
O0102,C025,2026-06-19,P004,3,0.1,Card,Delivered
O0103,C022,2026-01-26,P006,1,0.15,Wallet,Delivered
O0104,C027,2026-06-17,P002,1,0,Card,Cancelled
O0105,C045,2026-04-12,P002,1,0.15,Cash on Delivery,Pending
O0106,C021,2026-06-10,P011,2,0.1,Wallet,Pending
O0107,C015,2026-01-24,P012,1,0.05,Wallet,Delivered
O0108,C029,2026-02-12,P012,2,0,CliQ,Delivered
O0109,C023,2026-04-06,P012,2,0.05,Wallet,Delivered
O0110,C011,2026-02-14,P002,1,0,Cash on Delivery,Delivered
O0111,C059,2026-05-30,P008,2,0.1,Card,Delivered
O0112,C058,2026-04-30,P003,1,0,CliQ,Delivered
O0113,C038,2026-03-18,P008,1,0.05,Wallet,Delivered
O0114,C055,2026-05-04,P008,1,0.1,Cash on Delivery,Delivered
O0115,C002,2026-06-18,P003,1,0.05,Wallet,Delivered
O0116,C059,2026-06-05,P004,2,0,Wallet,Delivered
O0117,C039,2026-04-01,P010,2,0,Card,Cancelled
O0118,C041,2026-01-25,P008,2,0,Cash on Delivery,Delivered
O0119,C006,2026-03-17,P004,1,0,CliQ,Delivered
O0120,C057,2026-04-04,P009,1,0.15,CliQ,Delivered
O0121,C052,2026-03-17,P010,2,0.1,CliQ,Delivered
O0122,C056,2026-06-23,P009,1,0,Wallet,Delivered
O0123,C001,2026-03-09,P012,1,0.1,Cash on Delivery,Pending
O0124,C025,2026-06-13,P006,2,0.15,CliQ,Delivered
O0125,C021,2026-06-06,P002,1,0.15,Card,Delivered
O0126,C042,2026-04-15,P008,1,0.05,Cash on Delivery,Delivered
O0127,C008,2026-01-25,P002,1,0.1,Card,Cancelled
O0128,C027,2026-05-31,P012,1,0.15,Card,Delivered
O0129,C027,2026-03-13,P012,2,0.15,Cash on Delivery,Delivered
O0130,C055,2026-04-03,P008,1,0,Cash on Delivery,Delivered
O0131,C004,2026-04-12,P012,3,0.05,CliQ,Delivered
O0132,C006,2026-06-19,P003,2,0.1,Card,Delivered
O0133,C016,2026-02-02,P008,1,0.05,Card,Delivered
O0134,C053,2026-03-01,P002,1,0,CliQ,Delivered
O0135,C055,2026-02-07,P009,1,0.05,Card,Pending
O0136,C009,2026-01-04,P006,1,0,CliQ,Pending
O0137,C017,2026-01-14,P009,1,0,Card,Delivered
O0138,C029,2026-04-03,P009,2,0.1,Cash on Delivery,Delivered
O0139,C020,2026-04-28,P006,1,0.15,Cash on Delivery,Delivered
O0140,C032,2026-04-24,P001,1,0,Cash on Delivery,Delivered
O0141,C018,2026-06-09,P012,1,0,CliQ,Delivered
O0142,C039,2026-04-21,P005,1,0.15,Cash on Delivery,Delivered
O0143,C047,2026-02-25,P009,2,0.15,Wallet,Delivered
O0144,C026,2026-04-17,P006,1,0.1,Cash on Delivery,Delivered
O0145,C044,2026-05-02,P004,1,0,Cash on Delivery,Delivered
O0146,C052,2026-02-03,P002,1,0.05,Cash on Delivery,Delivered
O0147,C027,2026-04-01,P007,1,0,Wallet,Delivered
O0148,C020,2026-04-01,P012,3,0.15,Cash on Delivery,Delivered
O0149,C055,2026-01-28,P007,2,0,CliQ,Delivered
O0150,C015,2026-04-20,P011,2,0.15,Cash on Delivery,Delivered
O0151,C012,2026-03-11,P008,2,0,CliQ,Delivered
O0152,C037,2026-06-18,P012,1,0,Wallet,Delivered
O0153,C048,2026-05-16,P002,4,0,Card,Delivered
O0154,C047,2026-03-25,P005,1,0.05,Cash on Delivery,Delivered
O0155,C044,2026-01-21,P012,2,0,CliQ,Delivered
O0156,C018,2026-02-25,P006,1,0.1,Cash on Delivery,Delivered
O0157,C032,2026-05-15,P005,2,0.15,CliQ,Delivered
O0158,C014,2026-03-19,P001,1,0,Card,Delivered
O0159,C001,2026-05-08,P009,1,0,Wallet,Delivered
O0160,C036,2026-06-21,P002,2,0.15,CliQ,Delivered
O0161,C030,2026-01-20,P002,1,0,CliQ,Cancelled
O0162,C019,2026-01-30,P007,2,0.1,Wallet,Delivered
O0163,C030,2026-06-26,P001,2,0.15,CliQ,Delivered
O0164,C026,2026-05-15,P002,1,0.15,Cash on Delivery,Pending
O0165,C050,2026-02-13,P005,1,0.05,Cash on Delivery,Delivered
O0166,C023,2026-06-15,P006,1,0.05,Card,Delivered
O0167,C010,2026-06-17,P003,1,0.15,Cash on Delivery,Delivered
O0168,C049,2026-05-29,P002,1,0.15,Wallet,Delivered
O0169,C021,2026-06-10,P008,2,0.15,CliQ,Cancelled
O0170,C051,2026-03-12,P002,1,0.05,Cash on Delivery,Delivered
O0171,C004,2026-04-05,P005,1,0,CliQ,Delivered
O0172,C039,2026-05-10,P002,2,0.15,Wallet,Cancelled
O0173,C029,2026-05-27,P006,2,0,Card,Delivered
O0174,C029,2026-01-27,P004,1,0,CliQ,Delivered
O0175,C016,2026-07-01,P012,2,0,Wallet,Delivered
O0176,C024,2026-03-14,P012,1,0.05,Wallet,Delivered
O0177,C005,2026-03-26,P005,1,0.05,Cash on Delivery,Delivered
O0178,C056,2026-02-08,P007,1,0.15,CliQ,Delivered
O0179,C042,2026-06-28,P002,3,0.05,Wallet,Delivered
O0180,C025,2026-06-14,P002,1,0.15,CliQ,Delivered
O0181,C006,2026-06-15,P010,2,0.15,Wallet,Delivered
O0182,C022,2026-05-05,P006,1,0,Card,Delivered
O0183,C033,2026-05-19,P003,1,0,Cash on Delivery,Delivered
O0184,C025,2026-02-09,P008,1,0.15,Card,Cancelled
O0185,C047,2026-04-23,P003,2,0,Cash on Delivery,Delivered
O0186,C040,2026-03-14,P005,1,0.1,Wallet,Delivered
O0187,C058,2026-02-19,P003,3,0.1,CliQ,Delivered
O0188,C050,2026-04-08,P008,1,0.05,Wallet,Delivered
O0189,C056,2026-03-06,P012,2,0,Cash on Delivery,Pending
O0190,C046,2026-05-13,P008,1,0,Cash on Delivery,Cancelled
O0191,C010,2026-04-22,P004,1,0.15,Cash on Delivery,Delivered
O0192,C060,2026-01-07,P012,1,0.05,Wallet,Delivered
O0193,C024,2026-02-27,P001,1,0,Cash on Delivery,Delivered
O0194,C051,2026-02-07,P004,2,0.05,Card,Delivered
O0195,C049,2026-06-30,P001,1,0,Wallet,Cancelled
O0196,C014,2026-02-08,P006,1,0.05,Wallet,Delivered
O0197,C016,2026-04-18,P002,1,0,Wallet,Delivered
O0198,C002,2026-06-11,P001,1,0.15,Card,Pending
O0199,C016,2026-05-27,P009,1,0.05,Wallet,Delivered
O0200,C005,2026-05-15,P003,1,0.05,Cash on Delivery,Delivered
O0201,C017,2026-01-05,P005,2,0.05,CliQ,Delivered
O0202,C050,2026-05-29,P009,2,0,CliQ,Delivered
O0203,C054,2026-06-25,P002,1,0,Wallet,Delivered
O0204,C005,2026-04-28,P012,1,0,Cash on Delivery,Delivered
O0205,C021,2026-03-21,P004,1,0,Wallet,Delivered
O0206,C019,2026-04-02,P012,1,0,Cash on Delivery,Delivered
O0207,C028,2026-04-13,P012,1,0.05,Wallet,Delivered
O0208,C045,2026-05-08,P012,4,0.1,CliQ,Delivered
O0209,C006,2026-04-21,P012,2,0.1,Card,Delivered
O0210,C020,2026-04-25,P007,1,0.05,Wallet,Delivered
O0211,C040,2026-04-22,P002,1,0.05,CliQ,Delivered
O0212,C024,2026-05-12,P008,1,0.1,Card,Delivered
O0213,C003,2026-02-02,P012,1,0.1,Cash on Delivery,Delivered
O0214,C003,2026-06-04,P003,1,0.15,Card,Delivered
O0215,C037,2026-02-05,P008,1,0,CliQ,Cancelled
O0216,C002,2026-02-17,P005,1,0,Wallet,Delivered
O0217,C046,2026-04-25,P006,1,0.05,Card,Cancelled
O0218,C013,2026-02-01,P012,3,0.1,Card,Delivered
O0219,C006,2026-06-24,P011,3,0.1,CliQ,Delivered
O0220,C058,2026-03-18,P008,1,0.05,Card,Delivered
O0221,C033,2026-02-27,P009,2,0.05,Cash on Delivery,Cancelled
O0222,C002,2026-04-03,P012,1,0.1,CliQ,Pending
O0223,C005,2026-03-21,P006,1,0,Wallet,Returned
O0224,C053,2026-05-28,P012,1,0.1,Cash on Delivery,Delivered
O0225,C044,2026-05-13,P002,1,0.1,CliQ,Delivered
O0226,C012,2026-02-03,P002,1,0.15,Wallet,Pending
O0227,C010,2026-03-19,P006,2,0.15,Card,Cancelled
O0228,C058,2026-03-14,P002,1,0.15,Cash on Delivery,Cancelled
O0229,C041,2026-03-19,P003,1,0,Cash on Delivery,Delivered
O0230,C011,2026-06-18,P006,3,0,CliQ,Delivered
O0231,C006,2026-01-12,P011,2,0,CliQ,Delivered
O0232,C032,2026-06-10,P008,1,0,CliQ,Delivered
O0233,C020,2026-04-27,P008,1,0.1,Cash on Delivery,Delivered
O0234,C014,2026-03-29,P008,1,0.1,Card,Delivered
O0235,C026,2026-02-03,P004,2,0.05,CliQ,Delivered
O0236,C018,2026-04-26,P006,1,0,Card,Delivered
O0237,C027,2026-03-05,P002,3,0.15,Card,Delivered
O0238,C049,2026-02-10,P010,2,0,Wallet,Cancelled
O0239,C002,2026-01-24,P012,3,0.1,Wallet,Delivered
O0240,C004,2026-01-13,P006,1,0.05,CliQ,Returned
O0241,C019,2026-05-18,P006,2,0.1,Cash on Delivery,Cancelled
O0242,C049,2026-04-14,P011,3,0.05,CliQ,Delivered
O0243,C036,2026-03-15,P001,1,0.05,Cash on Delivery,Delivered
O0244,C044,2026-06-06,P005,1,0.15,Cash on Delivery,Delivered
O0245,C036,2026-04-04,P002,1,0.05,Card,Delivered
O0246,C003,2026-02-05,P003,1,0,CliQ,Delivered
O0247,C009,2026-03-25,P009,1,0.15,CliQ,Delivered
O0248,C038,2026-03-28,P002,2,0.05,Wallet,Returned
O0249,C022,2026-06-22,P009,2,0.05,Cash on Delivery,Delivered
O0250,C039,2026-05-02,P012,2,0,CliQ,Delivered
O0251,C015,2026-01-14,P012,2,0.15,Wallet,Pending
O0252,C010,2026-06-24,P002,1,0.1,Card,Delivered
O0253,C029,2026-03-22,P001,1,0,Wallet,Cancelled
O0254,C059,2026-05-01,P002,1,0.15,Cash on Delivery,Delivered
O0255,C034,2026-04-07,P009,1,0.1,CliQ,Delivered
O0256,C023,2026-06-23,P012,1,0.15,CliQ,Delivered
O0257,C020,2026-02-27,P008,1,0.15,CliQ,Delivered
O0258,C021,2026-05-03,P009,2,0.1,CliQ,Delivered
O0259,C008,2026-05-27,P007,2,0.05,Wallet,Cancelled
O0260,C019,2026-01-11,P012,1,0,CliQ,Delivered
O0261,C048,2026-05-03,P012,3,0.05,Card,Delivered
O0262,C009,2026-01-28,P003,3,0.05,Card,Delivered
O0263,C004,2026-01-26,P003,1,0,Wallet,Delivered
O0264,C001,2026-05-21,P004,2,0,Card,Delivered
O0265,C042,2026-02-21,P005,3,0.1,CliQ,Cancelled
O0266,C042,2026-05-27,P004,3,0,Card,Delivered
O0267,C027,2026-02-15,P006,3,0,Cash on Delivery,Delivered
O0268,C057,2026-01-10,P012,1,0.05,Cash on Delivery,Delivered
O0269,C019,2026-04-27,P004,3,0.05,Wallet,Delivered
O0270,C013,2026-01-29,P012,1,0.05,CliQ,Delivered
O0271,C001,2026-03-28,P002,1,0,CliQ,Delivered
O0272,C053,2026-04-20,P007,1,0.1,CliQ,Delivered
O0273,C031,2026-03-24,P002,1,0,Card,Delivered
O0274,C022,2026-03-19,P001,1,0.05,Cash on Delivery,Delivered
O0275,C030,2026-03-20,P004,1,0,Card,Delivered
O0276,C045,2026-01-31,P005,3,0.05,CliQ,Delivered
O0277,C010,2026-04-27,P005,3,0.1,CliQ,Delivered
O0278,C052,2026-06-20,P006,1,0.15,Card,Delivered
O0279,C034,2026-04-25,P009,1,0,CliQ,Delivered
O0280,C058,2026-05-10,P002,1,0.15,Card,Delivered
O0281,C029,2026-01-30,P007,1,0.15,Card,Delivered
O0282,C052,2026-01-15,P009,3,0.1,Wallet,Delivered
O0283,C030,2026-06-22,P002,1,0.15,CliQ,Delivered
O0284,C038,2026-01-19,P009,2,0,Cash on Delivery,Delivered
O0285,C060,2026-01-18,P006,1,0,Wallet,Delivered
O0286,C024,2026-04-08,P001,2,0.1,Wallet,Delivered
O0287,C009,2026-06-17,P012,1,0.15,CliQ,Cancelled
O0288,C047,2026-02-27,P002,1,0,Cash on Delivery,Returned
O0289,C028,2026-05-17,P009,1,0.15,Wallet,Returned
O0290,C013,2026-01-29,P010,1,0.05,Cash on Delivery,Delivered
O0291,C016,2026-02-22,P010,2,0,Cash on Delivery,Delivered
O0292,C016,2026-01-12,P002,1,0,Wallet,Delivered
O0293,C009,2026-05-09,P006,2,0,CliQ,Delivered
O0294,C039,2026-06-22,P003,1,0.15,CliQ,Cancelled
O0295,C015,2026-04-16,P003,4,0.15,CliQ,Cancelled
O0296,C041,2026-06-23,P004,1,0,Wallet,Delivered
O0297,C051,2026-05-15,P007,1,0.1,CliQ,Delivered
O0298,C049,2026-05-18,P008,1,0,Wallet,Delivered
O0299,C052,2026-04-29,P003,2,0,Cash on Delivery,Delivered
O0300,C025,2026-03-04,P007,1,0,CliQ,Returned
O0301,C006,2026-05-18,P003,3,0.05,Card,Delivered
O0302,C056,2026-01-19,P001,1,0,Card,Delivered
O0303,C031,2026-02-23,P009,2,0,CliQ,Delivered
O0304,C048,2026-01-31,P004,1,0,Wallet,Cancelled
O0305,C059,2026-03-03,P012,2,0.1,CliQ,Delivered
O0306,C020,2026-03-08,P009,1,0.05,CliQ,Delivered
O0307,C049,2026-03-23,P006,1,0.1,Card,Delivered
O0308,C048,2026-02-07,P005,1,0,Cash on Delivery,Delivered
O0309,C019,2026-02-09,P004,1,0.1,Card,Cancelled
O0310,C036,2026-06-17,P004,2,0.1,CliQ,Delivered
O0311,C030,2026-02-13,P003,3,0.1,CliQ,Pending
O0312,C042,2026-01-16,P002,1,0.15,Cash on Delivery,Delivered
O0313,C049,2026-01-02,P011,2,0,Wallet,Delivered
O0314,C001,2026-02-25,P002,1,0,Wallet,Delivered
O0315,C059,2026-05-04,P005,2,0.15,Wallet,Delivered
O0316,C034,2026-03-12,P001,1,0,CliQ,Delivered
O0317,C007,2026-01-25,P001,2,0,Card,Pending
O0318,C018,2026-04-12,P003,1,0.05,Cash on Delivery,Delivered
O0319,C020,2026-06-25,P005,1,0,Cash on Delivery,Delivered
O0320,C026,2026-04-08,P008,2,0,Wallet,Pending
O0321,C006,2026-05-08,P007,1,0,Wallet,Delivered
O0322,C058,2026-05-16,P008,4,0,Cash on Delivery,Delivered
O0323,C031,2026-03-11,P003,2,0.15,Cash on Delivery,Cancelled
O0324,C037,2026-06-18,P012,1,0.15,Cash on Delivery,Delivered
O0325,C038,2026-02-06,P003,1,0,Wallet,Pending
O0326,C054,2026-04-10,P012,1,0.15,CliQ,Delivered
O0327,C033,2026-03-30,P005,2,0,Cash on Delivery,Delivered
O0328,C050,2026-06-07,P002,1,0.15,Wallet,Delivered
O0329,C032,2026-02-28,P012,2,0.1,CliQ,Delivered
O0330,C043,2026-04-08,P007,1,0.15,Cash on Delivery,Delivered
O0331,C006,2026-03-10,P009,1,0,Card,Delivered
O0332,C021,2026-04-03,P005,1,0.1,Cash on Delivery,Pending
O0333,C007,2026-02-03,P002,1,0.05,Cash on Delivery,Cancelled
O0334,C007,2026-01-07,P003,1,0.1,Cash on Delivery,Delivered
O0335,C056,2026-04-09,P005,1,0.05,Cash on Delivery,Delivered
O0336,C058,2026-03-04,P004,1,0.15,Card,Delivered
O0337,C032,2026-02-07,P008,1,0.05,Cash on Delivery,Delivered
O0338,C024,2026-03-06,P002,1,0,Card,Delivered
O0339,C007,2026-02-04,P009,1,0.1,CliQ,Delivered
O0340,C052,2026-03-26,P001,2,0.1,Wallet,Delivered
O0341,C009,2026-03-18,P005,2,0.15,CliQ,Pending
O0342,C026,2026-03-23,P007,1,0,CliQ,Delivered
O0343,C021,2026-04-07,P009,3,0,CliQ,Delivered
O0344,C013,2026-06-01,P010,1,0.15,Card,Delivered
O0345,C046,2026-02-23,P008,3,0.1,Wallet,Delivered
O0346,C044,2026-05-08,P009,1,0.1,Card,Pending
O0347,C051,2026-04-07,P008,2,0.1,Cash on Delivery,Delivered
O0348,C033,2026-06-27,P006,1,0.15,Wallet,Delivered
O0349,C039,2026-06-13,P007,1,0.15,Cash on Delivery,Pending
O0350,C042,2026-06-06,P002,2,0,Cash on Delivery,Delivered
O0351,C051,2026-04-21,P007,2,0.05,Cash on Delivery,Delivered
O0352,C036,2026-05-29,P001,1,0.15,Card,Delivered
O0353,C045,2026-05-09,P006,2,0.15,Card,Delivered
O0354,C059,2026-01-22,P005,1,0.1,Cash on Delivery,Delivered
O0355,C030,2026-02-22,P010,1,0.05,Wallet,Delivered
O0356,C021,2026-01-18,P005,2,0.1,CliQ,Delivered
O0357,C042,2026-01-28,P001,1,0.05,Card,Delivered
O0358,C011,2026-03-26,P012,1,0.15,Wallet,Delivered
O0359,C012,2026-06-13,P012,1,0,Wallet,Delivered
O0360,C038,2026-04-20,P005,3,0.1,Wallet,Delivered
O0361,C037,2026-01-27,P001,1,0,Card,Delivered
O0362,C034,2026-06-13,P005,1,0.1,CliQ,Delivered
O0363,C023,2026-04-28,P007,1,0.05,Card,Delivered
O0364,C038,2026-01-22,P010,1,0.15,Card,Delivered
O0365,C045,2026-02-06,P004,1,0.05,Wallet,Delivered
O0366,C032,2026-06-12,P006,1,0,Card,Delivered
O0367,C054,2026-04-26,P007,1,0.05,Cash on Delivery,Delivered
O0368,C053,2026-04-09,P012,1,0,Wallet,Returned
O0369,C032,2026-02-12,P005,2,0.1,Cash on Delivery,Delivered
O0370,C018,2026-02-27,P007,1,0,CliQ,Pending
O0371,C036,2026-05-11,P002,2,0.1,Cash on Delivery,Delivered
O0372,C035,2026-01-11,P007,1,0.05,Wallet,Delivered
O0373,C020,2026-01-09,P007,1,0,Wallet,Returned
O0374,C050,2026-03-02,P004,1,0,Card,Cancelled
O0375,C041,2026-04-20,P010,1,0.15,Card,Delivered
O0376,C037,2026-03-31,P008,2,0,CliQ,Pending
O0377,C019,2026-05-27,P007,4,0.05,CliQ,Delivered
O0378,C009,2026-04-16,P012,3,0,Cash on Delivery,Delivered
O0379,C016,2026-02-07,P012,1,0,CliQ,Cancelled
O0380,C010,2026-05-28,P010,2,0.1,CliQ,Delivered
O0381,C026,2026-05-12,P008,1,0,CliQ,Delivered
O0382,C021,2026-05-29,P008,1,0.1,Cash on Delivery,Cancelled
O0383,C041,2026-06-20,P012,1,0.1,CliQ,Pending
O0384,C053,2026-02-24,P011,1,0.1,Wallet,Pending
O0385,C009,2026-05-25,P004,1,0.15,Wallet,Pending
O0386,C007,2026-06-10,P009,2,0,Wallet,Cancelled
O0387,C001,2026-04-20,P001,1,0.1,Card,Cancelled
O0388,C011,2026-03-12,P012,3,0.05,Cash on Delivery,Cancelled
O0389,C004,2026-04-12,P008,1,0,CliQ,Delivered
O0390,C046,2026-01-25,P009,1,0,Cash on Delivery,Delivered
O0391,C044,2026-04-24,P003,1,0.15,Cash on Delivery,Delivered
O0392,C045,2026-02-03,P001,1,0.1,Wallet,Delivered
O0393,C007,2026-03-22,P002,2,0,CliQ,Delivered
O0394,C042,2026-06-23,P012,2,0,Card,Delivered
O0395,C029,2026-03-31,P002,1,0,Card,Delivered
O0396,C056,2026-02-25,P008,1,0.1,Cash on Delivery,Delivered
O0397,C023,2026-04-20,P012,1,0.1,CliQ,Delivered
O0398,C036,2026-06-03,P009,2,0,CliQ,Delivered
O0399,C014,2026-05-13,P009,2,0.05,Card,Delivered
O0400,C032,2026-04-09,P009,1,0,Cash on Delivery,Delivered
O0401,C024,2026-03-23,P003,1,0,Card,Delivered
O0402,C044,2026-02-14,P005,1,0.15,Wallet,Pending
O0403,C001,2026-03-09,P012,1,0,Card,Delivered
O0404,C019,2026-06-10,P001,2,0.15,Wallet,Delivered
O0405,C040,2026-02-09,P006,2,0.15,CliQ,Delivered
O0406,C035,2026-03-25,P002,3,0,Wallet,Delivered
O0407,C020,2026-06-28,P007,2,0,Wallet,Delivered
O0408,C060,2026-04-22,P009,1,0,Cash on Delivery,Pending
O0409,C008,2026-01-04,P006,1,0,Card,Delivered
O0410,C034,2026-03-08,P008,3,0.15,Card,Delivered
O0411,C050,2026-01-08,P005,3,0,CliQ,Delivered
O0412,C041,2026-01-20,P010,1,0.15,Wallet,Delivered
O0413,C011,2026-04-05,P006,1,0.15,Card,Delivered
O0414,C015,2026-05-11,P003,1,0,Cash on Delivery,Delivered
O0415,C024,2026-04-09,P001,1,0.1,Card,Cancelled
O0416,C015,2026-03-24,P003,1,0.1,Card,Returned
O0417,C037,2026-04-06,P006,1,0,Cash on Delivery,Delivered
O0418,C003,2026-04-13,P006,1,0.15,Cash on Delivery,Cancelled
O0419,C021,2026-01-23,P012,2,0.05,Wallet,Cancelled
O0420,C048,2026-06-09,P001,1,0.05,Card,Delivered
O0421,C047,2026-05-20,P006,1,0,Card,Delivered
O0422,C023,2026-06-12,P002,1,0.15,Cash on Delivery,Cancelled
O0423,C007,2026-02-22,P012,2,0.05,Card,Delivered
O0424,C046,2026-03-13,P006,4,0,Cash on Delivery,Returned
O0425,C045,2026-04-06,P001,2,0.1,Wallet,Delivered
O0426,C041,2026-04-11,P012,1,0,Cash on Delivery,Delivered
O0427,C016,2026-03-16,P007,2,0,CliQ,Delivered
O0428,C021,2026-04-26,P011,1,0.05,CliQ,Cancelled
O0429,C007,2026-02-09,P003,1,0.15,Cash on Delivery,Cancelled
O0430,C023,2026-02-23,P002,1,0.15,Wallet,Delivered
O0431,C052,2026-06-25,P004,1,0,CliQ,Delivered
O0432,C010,2026-01-24,P010,1,0.05,Card,Delivered
O0433,C017,2026-02-14,P012,1,0.05,Cash on Delivery,Delivered
O0434,C016,2026-01-25,P012,1,0.15,Wallet,Pending
O0435,C054,2026-02-26,P002,1,0,Card,Pending
O0436,C038,2026-05-31,P003,2,0,CliQ,Delivered
O0437,C058,2026-06-15,P012,4,0,Wallet,Delivered
O0438,C008,2026-01-11,P010,2,0.05,Wallet,Delivered
O0439,C032,2026-01-08,P001,1,0.1,Wallet,Cancelled
O0440,C018,2026-03-13,P008,1,0,Wallet,Delivered
O0441,C042,2026-03-17,P012,1,0,Wallet,Delivered
O0442,C025,2026-02-05,P006,1,0.05,Wallet,Delivered
O0443,C051,2026-01-05,P003,1,0.15,Wallet,Cancelled
O0444,C023,2026-05-25,P009,1,0.1,CliQ,Delivered
O0445,C002,2026-03-13,P005,1,0,Cash on Delivery,Delivered
O0446,C015,2026-02-10,P010,1,0.15,Cash on Delivery,Delivered
O0447,C049,2026-02-26,P003,1,0,Wallet,Delivered
O0448,C016,2026-06-01,P005,2,0,CliQ,Pending
O0449,C046,2026-06-29,P009,3,0,CliQ,Delivered
O0450,C054,2026-05-07,P012,1,0,CliQ,Delivered
O0451,C015,2026-01-06,P002,1,0.15,Wallet,Delivered
O0452,C022,2026-02-15,P001,1,0,CliQ,Cancelled
O0453,C050,2026-01-29,P001,2,0,CliQ,Delivered
O0454,C038,2026-01-26,P012,3,0.1,CliQ,Delivered
O0455,C051,2026-06-13,P004,1,0.1,Wallet,Delivered
O0456,C051,2026-04-02,P008,3,0.15,Card,Delivered
O0457,C009,2026-02-15,P008,1,0.05,Cash on Delivery,Pending
O0458,C003,2026-02-16,P012,1,0.15,CliQ,Cancelled
O0459,C007,2026-05-08,P012,1,0.15,Card,Returned
O0460,C011,2026-06-12,P005,1,0.05,Cash on Delivery,Delivered
O0461,C029,2026-01-03,P010,2,0.05,CliQ,Delivered
O0462,C047,2026-01-01,P003,1,0,Cash on Delivery,Delivered
O0463,C032,2026-04-07,P005,3,0.1,CliQ,Delivered
O0464,C042,2026-06-25,P007,1,0.15,Card,Delivered
O0465,C002,2026-03-23,P002,2,0.05,CliQ,Delivered
O0466,C011,2026-01-20,P012,1,0.1,Cash on Delivery,Delivered
O0467,C028,2026-06-17,P005,3,0,Card,Returned
O0468,C014,2026-02-18,P008,1,0.05,Wallet,Delivered
O0469,C043,2026-03-14,P008,2,0.05,CliQ,Delivered
O0470,C010,2026-01-14,P003,1,0.1,CliQ,Delivered
O0471,C031,2026-02-21,P001,2,0.15,Cash on Delivery,Delivered
O0472,C031,2026-01-30,P001,1,0,CliQ,Delivered
O0473,C006,2026-06-14,P009,3,0.05,Wallet,Delivered
O0474,C003,2026-03-09,P003,1,0.1,Wallet,Cancelled
O0475,C010,2026-06-28,P006,1,0,Cash on Delivery,Delivered
O0476,C015,2026-05-22,P002,1,0.15,Cash on Delivery,Delivered
O0477,C044,2026-05-02,P011,1,0.15,Card,Pending
O0478,C033,2026-05-27,P006,3,0,Card,Delivered
O0479,C014,2026-02-19,P002,1,0,Card,Delivered
O0480,C053,2026-06-10,P001,2,0,Card,Delivered
O0481,C006,2026-04-10,P010,3,0,Wallet,Delivered
O0482,C051,2026-06-29,P007,1,0,Wallet,Pending
O0483,C049,2026-01-26,P002,1,0.15,Cash on Delivery,Delivered
O0484,C057,2026-03-30,P007,1,0.15,Wallet,Delivered
O0485,C003,2026-02-14,P004,1,0.1,CliQ,Delivered
O0486,C003,2026-04-12,P005,2,0.1,CliQ,Delivered
O0487,C058,2026-04-06,P008,1,0.05,Cash on Delivery,Delivered
O0488,C055,2026-06-28,P005,1,0.1,Cash on Delivery,Pending
O0489,C050,2026-03-24,P012,1,0.1,CliQ,Delivered
O0490,C014,2026-04-15,P009,1,0.1,Wallet,Delivered
O0491,C051,2026-02-10,P009,2,0.15,Cash on Delivery,Cancelled
O0492,C057,2026-05-26,P004,1,0.15,Cash on Delivery,Delivered
O0493,C016,2026-01-09,P002,1,0,Wallet,Cancelled
O0494,C053,2026-04-29,P001,1,0.05,Wallet,Delivered
O0495,C032,2026-06-02,P008,1,0.05,Wallet,Delivered
O0496,C023,2026-02-11,P003,1,0.05,CliQ,Cancelled
O0497,C004,2026-02-11,P009,1,0.1,Card,Delivered
O0498,C042,2026-04-15,P012,2,0.05,Cash on Delivery,Delivered
O0499,C059,2026-02-03,P012,2,0.1,Card,Returned
O0500,C046,2026-07-01,P007,1,0.05,CliQ,Delivered
O0211,C040,2026-04-22,P002,1,0.05,CliQ,Delivered
