Product_ID,Product_Name,Category,Unit_Cost,Unit_Price
P001,LAPTOP STAND,Office,18.0,32.0
P002,WIRELESS MOUSE,Electronics,7.0,14.0
P003,MECHANICAL KEYBOARD,Electronics,24.0,49.0
P004,USB-C HUB,Electronics,15.0,31.0
P005,DESK LAMP,Office,12.0,27.0
P006,NOTEBOOK SET,Stationery,3.5,8.0
P007,BACKPACK,Accessories,16.0,36.0
P008,WATER BOTTLE,Accessories,5.0,12.0
P009,PHONE HOLDER,Accessories,4.0,11.0
P010,MONITOR 24,Electronics,92.0,145.0
P011,ERGONOMIC CHAIR,Office,115.0,185.0
P012,HDMI CABLE,Electronics,3.0,9.0
